{"cameraMode":{"drawMode":0,"name":"Shaded","section":"Shading Mode"},"sceneLighting":true,"audioPlay":false,"sceneViewState":{"showFog":true,"showMaterialUpdate":true,"showSkybox":true,"showFlares":true,"showImageEffects":true,"showParticleSystems":true},"in2DMode":false,"pivot":{"x":-1.2658075094223023,"y":-1.451917290687561,"z":8.304414749145508},"rotation":{"x":-0.09175778925418854,"y":0.1729559600353241,"z":-0.016185445711016656,"w":-0.9805129170417786},"size":5.941651821136475,"orthographic":false}