{"cameraMode":{"drawMode":0,"name":"Shaded","section":"Shading Mode"},"sceneLighting":true,"audioPlay":false,"sceneViewState":{"showFog":true,"showMaterialUpdate":true,"showSkybox":true,"showFlares":true,"showImageEffects":true,"showParticleSystems":true},"in2DMode":false,"pivot":{"x":486.4127197265625,"y":-13.536333084106446,"z":496.59356689453127},"rotation":{"x":-0.27442485094070437,"y":0.6742148399353027,"z":-0.3001241385936737,"w":-0.6164844632148743},"size":16.193410873413087,"orthographic":false}