{"cameraMode":{"drawMode":0,"name":"Shaded","section":"Shading Mode"},"sceneLighting":true,"audioPlay":false,"sceneViewState":{"showFog":true,"showMaterialUpdate":true,"showSkybox":true,"showFlares":true,"showImageEffects":true,"showParticleSystems":true},"in2DMode":false,"pivot":{"x":9.81583023071289,"y":16.246280670166017,"z":-4.359152317047119},"rotation":{"x":-0.35649344325065615,"y":0.03698180988430977,"z":-0.014123907312750817,"w":-0.9334630966186523},"size":21.061635971069337,"orthographic":false}