{"cameraMode":{"drawMode":0,"name":"Shaded","section":"Shading Mode"},"sceneLighting":true,"audioPlay":false,"sceneViewState":{"showFog":true,"showMaterialUpdate":true,"showSkybox":true,"showFlares":true,"showImageEffects":true,"showParticleSystems":true},"in2DMode":false,"pivot":{"x":473.2982482910156,"y":-8.07536506652832,"z":507.9386901855469},"rotation":{"x":-0.17777252197265626,"y":0.41983479261398318,"z":-0.08423561602830887,"w":-0.8860359191894531},"size":22.51902198791504,"orthographic":false}