{"cameraMode":{"drawMode":0,"name":"Shaded","section":"Shading Mode"},"sceneLighting":true,"audioPlay":false,"sceneViewState":{"showFog":true,"showMaterialUpdate":true,"showSkybox":true,"showFlares":true,"showImageEffects":true,"showParticleSystems":true},"in2DMode":false,"pivot":{"x":15.81695556640625,"y":20.84701156616211,"z":-3.1763973236083986},"rotation":{"x":-0.1307079792022705,"y":-0.24505046010017396,"z":0.033360254019498828,"w":-0.9600846767425537},"size":12.69521427154541,"orthographic":false}