{"cameraMode":{"drawMode":0,"name":"Shaded","section":"Shading Mode"},"sceneLighting":true,"audioPlay":false,"sceneViewState":{"showFog":true,"showMaterialUpdate":true,"showSkybox":true,"showFlares":true,"showImageEffects":true,"showParticleSystems":true},"in2DMode":false,"pivot":{"x":-10.80517578125,"y":371.6549072265625,"z":-208.880615234375},"rotation":{"x":-0.06245236471295357,"y":0.9178343415260315,"z":-0.1602085828781128,"w":-0.35778942704200747},"size":1772.69775390625,"orthographic":false}